{
    "name": "root",
    "gauges": {
        "PuzzleAgent.Policy.Entropy.mean": {
            "value": 1.9083588123321533,
            "min": 1.6507296562194824,
            "max": 2.1197078227996826,
            "count": 370
        },
        "PuzzleAgent.Policy.Entropy.sum": {
            "value": 24365.92578125,
            "min": 19050.9921875,
            "max": 35526.703125,
            "count": 370
        },
        "PuzzleAgent.Environment.EpisodeLength.mean": {
            "value": 138.06976744186048,
            "min": 120.16161616161617,
            "max": 199.0,
            "count": 370
        },
        "PuzzleAgent.Environment.EpisodeLength.sum": {
            "value": 11874.0,
            "min": 10945.0,
            "max": 15323.0,
            "count": 370
        },
        "PuzzleAgent.Step.mean": {
            "value": 4439836.0,
            "min": 11807.0,
            "max": 4439836.0,
            "count": 370
        },
        "PuzzleAgent.Step.sum": {
            "value": 4439836.0,
            "min": 11807.0,
            "max": 4439836.0,
            "count": 370
        },
        "PuzzleAgent.Policy.ExtrinsicValueEstimate.mean": {
            "value": 0.08303382992744446,
            "min": -0.08552127331495285,
            "max": 0.10394355654716492,
            "count": 370
        },
        "PuzzleAgent.Policy.ExtrinsicValueEstimate.sum": {
            "value": 7.140909671783447,
            "min": -5.64440393447876,
            "max": 10.290411949157715,
            "count": 370
        },
        "PuzzleAgent.Environment.CumulativeReward.mean": {
            "value": 0.5265518795309025,
            "min": -0.4703820430841602,
            "max": 0.7314080079236338,
            "count": 370
        },
        "PuzzleAgent.Environment.CumulativeReward.sum": {
            "value": 45.28346163965762,
            "min": -28.693304628133774,
            "max": 68.02094473689795,
            "count": 370
        },
        "PuzzleAgent.Policy.ExtrinsicReward.mean": {
            "value": 0.5265518795309025,
            "min": -0.4703820430841602,
            "max": 0.7314080079236338,
            "count": 370
        },
        "PuzzleAgent.Policy.ExtrinsicReward.sum": {
            "value": 45.28346163965762,
            "min": -28.693304628133774,
            "max": 68.02094473689795,
            "count": 370
        },
        "PuzzleAgent.Losses.PolicyLoss.mean": {
            "value": 0.02820542721828032,
            "min": 0.02247434724122286,
            "max": 0.03934515605991086,
            "count": 370
        },
        "PuzzleAgent.Losses.PolicyLoss.sum": {
            "value": 0.16923256330968192,
            "min": 0.0567863451782614,
            "max": 0.22157575675131136,
            "count": 370
        },
        "PuzzleAgent.Losses.ValueLoss.mean": {
            "value": 0.04645956951814393,
            "min": 0.0002526011932483622,
            "max": 0.05718728241821129,
            "count": 370
        },
        "PuzzleAgent.Losses.ValueLoss.sum": {
            "value": 0.2787574171088636,
            "min": 0.0010104047729934489,
            "max": 0.3422348899766803,
            "count": 370
        },
        "PuzzleAgent.Policy.LearningRate.mean": {
            "value": 0.0001521915714917148,
            "min": 0.0001521915714917148,
            "max": 0.0002997598000800667,
            "count": 370
        },
        "PuzzleAgent.Policy.LearningRate.sum": {
            "value": 0.0009131494289502887,
            "min": 0.0005973030675656443,
            "max": 0.0017100588966470444,
            "count": 370
        },
        "PuzzleAgent.Policy.Epsilon.mean": {
            "value": 0.2014610148148148,
            "min": 0.2014610148148148,
            "max": 0.29983986666666673,
            "count": 370
        },
        "PuzzleAgent.Policy.Epsilon.sum": {
            "value": 1.2087660888888887,
            "min": 0.5982020444444444,
            "max": 1.7400392444444446,
            "count": 370
        },
        "PuzzleAgent.Policy.Beta.mean": {
            "value": 0.0005122320233333335,
            "min": 0.0005122320233333335,
            "max": 0.0009992073400000002,
            "count": 370
        },
        "PuzzleAgent.Policy.Beta.sum": {
            "value": 0.0030733921400000006,
            "min": 0.0019911001199999995,
            "max": 0.00570319426,
            "count": 370
        },
        "PuzzleAgent.IsTraining.mean": {
            "value": 1.0,
            "min": 1.0,
            "max": 1.0,
            "count": 370
        },
        "PuzzleAgent.IsTraining.sum": {
            "value": 1.0,
            "min": 1.0,
            "max": 1.0,
            "count": 370
        }
    },
    "metadata": {
        "timer_format_version": "0.1.0",
        "start_time_seconds": "1746543568",
        "python_version": "3.10.12 | packaged by Anaconda, Inc. | (main, Jul  5 2023, 19:01:18) [MSC v.1916 64 bit (AMD64)]",
        "command_line_arguments": "C:\\Users\\s4325837\\.conda\\envs\\mlagents\\Scripts\\mlagents-learn Assets/config/ppo/trainer_config.yaml --run-id=WHATSTHEPOINT --force",
        "mlagents_version": "1.1.0",
        "mlagents_envs_version": "1.1.0",
        "communication_protocol_version": "1.5.0",
        "pytorch_version": "2.2.2+cu121",
        "numpy_version": "1.23.5",
        "end_time_seconds": "1746548156"
    },
    "total": 4587.704496200007,
    "count": 1,
    "self": 0.0036001000116812065,
    "children": {
        "run_training.setup": {
            "total": 0.07353520000469871,
            "count": 1,
            "self": 0.07353520000469871
        },
        "TrainerController.start_learning": {
            "total": 4587.627360899991,
            "count": 1,
            "self": 2.7924652000074275,
            "children": {
                "TrainerController._reset_env": {
                    "total": 10.982249799999408,
                    "count": 1,
                    "self": 10.982249799999408
                },
                "TrainerController.advance": {
                    "total": 4573.798787899985,
                    "count": 180073,
                    "self": 2.619014200536185,
                    "children": {
                        "env_step": {
                            "total": 2984.2203593960294,
                            "count": 180073,
                            "self": 1596.7050116959435,
                            "children": {
                                "SubprocessEnvManager._take_step": {
                                    "total": 1385.7726815962087,
                                    "count": 180073,
                                    "self": 8.5363978001551,
                                    "children": {
                                        "TorchPolicy.evaluate": {
                                            "total": 1377.2362837960536,
                                            "count": 158815,
                                            "self": 1377.2362837960536
                                        }
                                    }
                                },
                                "workers": {
                                    "total": 1.7426661038771272,
                                    "count": 180072,
                                    "self": 0.0,
                                    "children": {
                                        "worker_root": {
                                            "total": 4573.746998198301,
                                            "count": 180072,
                                            "is_parallel": true,
                                            "self": 3235.3866606975935,
                                            "children": {
                                                "steps_from_proto": {
                                                    "total": 0.00032869999995455146,