{
    "name": "root",
    "gauges": {
        "PuzzleAgent.Policy.Entropy.mean": {
            "value": 1.3153834342956543,
            "min": 1.3039827346801758,
            "max": 2.110907793045044,
            "count": 494
        },
        "PuzzleAgent.Policy.Entropy.sum": {
            "value": 16279.185546875,
            "min": 15077.779296875,
            "max": 35463.25,
            "count": 494
        },
        "PuzzleAgent.Environment.EpisodeLength.mean": {
            "value": 2.4932412999712397,
            "min": 1.891650579150579,
            "max": 199.0,
            "count": 494
        },
        "PuzzleAgent.Environment.EpisodeLength.sum": {
            "value": 8669.0,
            "min": 7448.0,
            "max": 16716.0,
            "count": 494
        },
        "PuzzleAgent.Step.mean": {
            "value": 5927957.0,
            "min": 11800.0,
            "max": 5927957.0,
            "count": 494
        },
        "PuzzleAgent.Step.sum": {
            "value": 5927957.0,
            "min": 11800.0,
            "max": 5927957.0,
            "count": 494
        },
        "PuzzleAgent.Policy.ExtrinsicValueEstimate.mean": {
            "value": -0.9604923725128174,
            "min": -1.0871305465698242,
            "max": -0.17499183118343353,
            "count": 494
        },
        "PuzzleAgent.Policy.ExtrinsicValueEstimate.sum": {
            "value": -3339.632080078125,
            "min": -3981.58837890625,
            "max": -10.324518203735352,
            "count": 494
        },
        "PuzzleAgent.Environment.CumulativeReward.mean": {
            "value": -1.0136531401304532,
            "min": -5.7770834048589075,
            "max": -0.9990462216445689,
            "count": 494
        },
        "PuzzleAgent.Environment.CumulativeReward.sum": {
            "value": -3524.4719682335854,
            "min": -4149.038958489895,
            "max": -332.0190029144287,
            "count": 494
        },
        "PuzzleAgent.Policy.ExtrinsicReward.mean": {
            "value": -1.0136531401304532,
            "min": -5.7770834048589075,
            "max": -0.9990462216445689,
            "count": 494
        },
        "PuzzleAgent.Policy.ExtrinsicReward.sum": {
            "value": -3524.4719682335854,
            "min": -4149.038958489895,
            "max": -332.0190029144287,
            "count": 494
        },
        "PuzzleAgent.Losses.PolicyLoss.mean": {
            "value": 0.03447831879344045,
            "min": 0.021704496489837764,
            "max": 0.0412395280203782,
            "count": 494
        },
        "PuzzleAgent.Losses.PolicyLoss.sum": {
            "value": 0.2068699127606427,
            "min": 0.0527124193807443,
            "max": 0.24187682598130775,
            "count": 494
        },
        "PuzzleAgent.Losses.ValueLoss.mean": {
            "value": 0.0014489989363129202,
            "min": 0.0002661289073633573,
            "max": 0.05487133120186627,
            "count": 494
        },
        "PuzzleAgent.Losses.ValueLoss.sum": {
            "value": 0.00869399361787752,
            "min": 0.001207481046731118,
            "max": 0.10974266240373254,
            "count": 494
        },
        "PuzzleAgent.Policy.LearningRate.mean": {
            "value": 0.00010260120468850927,
            "min": 0.00010260120468850927,
            "max": 0.0002997200000933333,
            "count": 494
        },
        "PuzzleAgent.Policy.LearningRate.sum": {
            "value": 0.0006156072281310556,
            "min": 0.0005149715950095777,
            "max": 0.0014747622750792776,
            "count": 494
        },
        "PuzzleAgent.Policy.Epsilon.mean": {
            "value": 0.13420037962962963,
            "min": 0.13420037962962963,
            "max": 0.19990666666666668,
            "count": 494
        },
        "PuzzleAgent.Policy.Epsilon.sum": {
            "value": 0.8052022777777779,
            "min": 0.38861943333333326,
            "max": 1.091587388888889,
            "count": 494
        },
        "PuzzleAgent.Policy.Beta.mean": {
            "value": 0.0003485837583333333,
            "min": 0.0003485837583333333,
            "max": 0.000999076,
            "count": 494
        },
        "PuzzleAgent.Policy.Beta.sum": {
            "value": 0.00209150255,
            "min": 0.00174940518,
            "max": 0.004926715150000001,
            "count": 494
        },
        "PuzzleAgent.IsTraining.mean": {
            "value": 1.0,
            "min": 1.0,
            "max": 1.0,
            "count": 494
        },
        "PuzzleAgent.IsTraining.sum": {
            "value": 1.0,
            "min": 1.0,
            "max": 1.0,
            "count": 494
        }
    },
    "metadata": {
        "timer_format_version": "0.1.0",
        "start_time_seconds": "1746454816",
        "python_version": "3.10.12 | packaged by Anaconda, Inc. | (main, Jul  5 2023, 19:01:18) [MSC v.1916 64 bit (AMD64)]",
        "command_line_arguments": "C:\\Users\\Christopher\\miniconda3\\envs\\mlagents\\Scripts\\mlagents-learn Assets/config/ppo/trainer_config.yaml --run-id=multiTrainingLongQuickFixed --force",
        "mlagents_version": "1.1.0",
        "mlagents_envs_version": "1.1.0",
        "communication_protocol_version": "1.5.0",
        "pytorch_version": "2.2.2+cu121",
        "numpy_version": "1.23.5",
        "end_time_seconds": "1746458766"
    },
    "total": 3949.7250991,
    "count": 1,
    "self": 0.007709900000918424,
    "children": {
        "run_training.setup": {
            "total": 0.06687640000018291,
            "count": 1,
            "self": 0.06687640000018291
        },
        "TrainerController.start_learning": {
            "total": 3949.650512799999,
            "count": 1,
            "self": 3.7791003998609085,
            "children": {
                "TrainerController._reset_env": {
                    "total": 12.2758845999997,
                    "count": 1,
                    "self": 12.2758845999997
                },
                "TrainerController.advance": {
                    "total": 3933.5540908001385,
                    "count": 340751,
                    "self": 3.364343501838448,
                    "children": {
                        "env_step": {
                            "total": 2306.113894898557,
                            "count": 340751,
                            "self": 2152.7527806989456,
                            "children": {
                                "SubprocessEnvManager._take_step": {
                                    "total": 150.8623013005781,
                                    "count": 340751,
                                    "self": 8.200617801107,
                                    "children": {
                                        "TorchPolicy.evaluate": {
                                            "total": 142.6616834994711,
                                            "count": 212017,
                                            "self": 142.6616834994711
                                        }
                                    }
                                },
                                "workers": {
                                    "total": 2.49881289903351,
                                    "count": 340750,
                                    "self": 0.0,
                                    "children": {
                                        "worker_root": {
                                            "total": 3932.6486485994537,
                                            "count": 340750,
                                            "is_parallel": true,
                                            "self": 2082.9255609000393,
                                            "children": {
                                                "steps_from_proto": {
                                                    "total": 0.0003395000021555461,