{
    "name": "root",
    "gauges": {
        "PuzzleAgent.Policy.Entropy.mean": {
            "value": 1.8720526695251465,
            "min": 1.867220163345337,
            "max": 2.108591079711914,
            "count": 108
        },
        "PuzzleAgent.Policy.Entropy.sum": {
            "value": 22434.6796875,
            "min": 20164.3671875,
            "max": 26989.966796875,
            "count": 108
        },
        "PuzzleAgent.Environment.EpisodeLength.mean": {
            "value": 199.0,
            "min": 187.8125,
            "max": 199.0,
            "count": 108
        },
        "PuzzleAgent.Environment.EpisodeLength.sum": {
            "value": 11940.0,
            "min": 9552.0,
            "max": 12736.0,
            "count": 108
        },
        "PuzzleAgent.Step.mean": {
            "value": 1295846.0,
            "min": 11800.0,
            "max": 1295846.0,
            "count": 108
        },
        "PuzzleAgent.Step.sum": {
            "value": 1295846.0,
            "min": 11800.0,
            "max": 1295846.0,
            "count": 108
        },
        "PuzzleAgent.Policy.ExtrinsicValueEstimate.mean": {
            "value": -0.023630227893590927,
            "min": -0.07011506706476212,
            "max": -0.00920624379068613,
            "count": 108
        },
        "PuzzleAgent.Policy.ExtrinsicValueEstimate.sum": {
            "value": -1.4178136587142944,
            "min": -4.136788845062256,
            "max": -0.5707871317863464,
            "count": 108
        },
        "PuzzleAgent.Environment.CumulativeReward.mean": {
            "value": -0.24638142089049023,
            "min": -0.6696785579435527,
            "max": -0.13067312514971172,
            "count": 108
        },
        "PuzzleAgent.Environment.CumulativeReward.sum": {
            "value": -14.782885253429413,
            "min": -40.180713476613164,
            "max": -8.232406884431839,
            "count": 108
        },
        "PuzzleAgent.Policy.ExtrinsicReward.mean": {
            "value": -0.24638142089049023,
            "min": -0.6696785579435527,
            "max": -0.13067312514971172,
            "count": 108
        },
        "PuzzleAgent.Policy.ExtrinsicReward.sum": {
            "value": -14.782885253429413,
            "min": -40.180713476613164,
            "max": -8.232406884431839,
            "count": 108
        },
        "PuzzleAgent.Losses.PolicyLoss.mean": {
            "value": 0.03241521497774456,
            "min": 0.022557469857080528,
            "max": 0.04017522259770582,
            "count": 108
        },
        "PuzzleAgent.Losses.PolicyLoss.sum": {
            "value": 0.19449128986646733,
            "min": 0.09120008361706924,
            "max": 0.23506107385037464,
            "count": 108
        },
        "PuzzleAgent.Losses.ValueLoss.mean": {
            "value": 9.932699269180982e-05,
            "min": 8.678485019117944e-05,
            "max": 0.004519329895022868,
            "count": 108
        },
        "PuzzleAgent.Losses.ValueLoss.sum": {
            "value": 0.0005959619561508589,
            "min": 0.00029203609968438593,
            "max": 0.02711597937013721,
            "count": 108
        },
        "PuzzleAgent.Policy.LearningRate.mean": {
            "value": 0.0002570018143327333,
            "min": 0.0002570018143327333,
            "max": 0.0002997866667377778,
            "count": 108
        },
        "PuzzleAgent.Policy.LearningRate.sum": {
            "value": 0.0015420108859964,
            "min": 0.0008741760086079998,
            "max": 0.0017364942211685998,
            "count": 108
        },
        "PuzzleAgent.Policy.Epsilon.mean": {
            "value": 0.2713345333333333,
            "min": 0.2713345333333333,
            "max": 0.2998577777777778,
            "count": 108
        },
        "PuzzleAgent.Policy.Epsilon.sum": {
            "value": 1.6280071999999999,
            "min": 0.8827839999999999,
            "max": 1.7576627999999999,
            "count": 108
        },
        "PuzzleAgent.Policy.Beta.mean": {
            "value": 0.0008581059400000001,
            "min": 0.0008581059400000001,
            "max": 0.000999296,
            "count": 108
        },
        "PuzzleAgent.Policy.Beta.sum": {
            "value": 0.00514863564,
            "min": 0.0029147808,
            "max": 0.00579043086,
            "count": 108
        },
        "PuzzleAgent.IsTraining.mean": {
            "value": 1.0,
            "min": 1.0,
            "max": 1.0,
            "count": 108
        },
        "PuzzleAgent.IsTraining.sum": {
            "value": 1.0,
            "min": 1.0,
            "max": 1.0,
            "count": 108
        }
    },
    "metadata": {
        "timer_format_version": "0.1.0",
        "start_time_seconds": "1749777076",
        "python_version": "3.10.12 | packaged by Anaconda, Inc. | (main, Jul  5 2023, 19:01:18) [MSC v.1916 64 bit (AMD64)]",
        "command_line_arguments": "C:\\Users\\Christopher\\miniconda3\\envs\\mlagents\\Scripts\\mlagents-learn Assets/config/ppo/trainer_config.yaml --run-id=VideoDoc --force",
        "mlagents_version": "1.1.0",
        "mlagents_envs_version": "1.1.0",
        "communication_protocol_version": "1.5.0",
        "pytorch_version": "2.2.2+cu121",
        "numpy_version": "1.23.5",
        "end_time_seconds": "1749777718"
    },
    "total": 641.6342600000062,
    "count": 1,
    "self": 0.004941300008795224,
    "children": {
        "run_training.setup": {
            "total": 0.06381770000007236,
            "count": 1,
            "self": 0.06381770000007236
        },
        "TrainerController.start_learning": {
            "total": 641.5655009999973,
            "count": 1,
            "self": 0.7987290010714787,
            "children": {
                "TrainerController._reset_env": {
                    "total": 6.912915199995041,
                    "count": 1,
                    "self": 6.912915199995041
                },
                "TrainerController.advance": {
                    "total": 633.8117092989341,
                    "count": 85483,
                    "self": 0.793163697278942,
                    "children": {
                        "env_step": {
                            "total": 420.5959271012034,
                            "count": 85483,
                            "self": 361.34218720174977,
                            "children": {
                                "SubprocessEnvManager._take_step": {
                                    "total": 58.721523100430204,
                                    "count": 85483,
                                    "self": 2.475806299386022,
                                    "children": {
                                        "TorchPolicy.evaluate": {
                                            "total": 56.24571680104418,
                                            "count": 81290,
                                            "self": 56.24571680104418
                                        }
                                    }
                                },
                                "workers": {
                                    "total": 0.5322167990234448,
                                    "count": 85482,
                                    "self": 0.0,
                                    "children": {
                                        "worker_root": {
                                            "total": 633.8672910996029,
                                            "count": 85482,
                                            "is_parallel": true,
                                            "self": 338.41692300135765,
                                            "children": {
                                                "steps_from_proto": {
                                                    "total": 0.0003256999989389442,
                                                    "count": 1,