{
    "name": "root",
    "gauges": {
        "PuzzleAgent.Policy.Entropy.mean": {
            "value": 1.7282243967056274,
            "min": 1.7267756462097168,
            "max": 2.1065549850463867,
            "count": 160
        },
        "PuzzleAgent.Policy.Entropy.sum": {
            "value": 22162.75,
            "min": 19339.88671875,
            "max": 35390.125,
            "count": 160
        },
        "PuzzleAgent.Environment.EpisodeLength.mean": {
            "value": 199.0,
            "min": 192.7719298245614,
            "max": 199.0,
            "count": 160
        },
        "PuzzleAgent.Environment.EpisodeLength.sum": {
            "value": 11940.0,
            "min": 10945.0,
            "max": 16716.0,
            "count": 160
        },
        "PuzzleAgent.Step.mean": {
            "value": 1919989.0,
            "min": 11800.0,
            "max": 1919989.0,
            "count": 160
        },
        "PuzzleAgent.Step.sum": {
            "value": 1919989.0,
            "min": 11800.0,
            "max": 1919989.0,
            "count": 160
        },
        "PuzzleAgent.Policy.ExtrinsicValueEstimate.mean": {
            "value": 0.04358565807342529,
            "min": -0.048515334725379944,
            "max": 0.05426991730928421,
            "count": 160
        },
        "PuzzleAgent.Policy.ExtrinsicValueEstimate.sum": {
            "value": 2.6151394844055176,
            "min": -2.9109201431274414,
            "max": 3.256195068359375,
            "count": 160
        },
        "PuzzleAgent.Environment.CumulativeReward.mean": {
            "value": 0.511849558663865,
            "min": -0.48180560146768886,
            "max": 0.5643773440271616,
            "count": 160
        },
        "PuzzleAgent.Environment.CumulativeReward.sum": {
            "value": 30.710973519831896,
            "min": -28.908336088061333,
            "max": 33.862640641629696,
            "count": 160
        },
        "PuzzleAgent.Policy.ExtrinsicReward.mean": {
            "value": 0.511849558663865,
            "min": -0.48180560146768886,
            "max": 0.5643773440271616,
            "count": 160
        },
        "PuzzleAgent.Policy.ExtrinsicReward.sum": {
            "value": 30.710973519831896,
            "min": -28.908336088061333,
            "max": 33.862640641629696,
            "count": 160
        },
        "PuzzleAgent.Losses.PolicyLoss.mean": {
            "value": 0.034408913726090555,
            "min": 0.02550563351057159,
            "max": 0.04122179715760109,
            "count": 160
        },
        "PuzzleAgent.Losses.PolicyLoss.sum": {
            "value": 0.17204456863045278,
            "min": 0.05369409653358161,
            "max": 0.18452849094238546,
            "count": 160
        },
        "PuzzleAgent.Losses.ValueLoss.mean": {
            "value": 0.03442980033966402,
            "min": 0.0002727956489252392,
            "max": 0.04970342364783088,
            "count": 160
        },
        "PuzzleAgent.Losses.ValueLoss.sum": {
            "value": 0.17214900169832012,
            "min": 0.0005455912978504784,
            "max": 0.2485171182391544,
            "count": 160
        },
        "PuzzleAgent.Policy.LearningRate.mean": {
            "value": 0.0002362150545949889,
            "min": 0.0002362150545949889,
            "max": 0.0002997200000933333,
            "count": 160
        },
        "PuzzleAgent.Policy.LearningRate.sum": {
            "value": 0.0011810752729749445,
            "min": 0.0004901299032900443,
            "max": 0.0012188860603713444,
            "count": 160
        },
        "PuzzleAgent.Policy.Epsilon.mean": {
            "value": 0.2574766888888889,
            "min": 0.2574766888888889,
            "max": 0.29981333333333327,
            "count": 160
        },
        "PuzzleAgent.Policy.Epsilon.sum": {
            "value": 1.2873834444444445,
            "min": 0.5267532444444443,
            "max": 1.3125906444444444,
            "count": 160
        },
        "PuzzleAgent.Policy.Beta.mean": {
            "value": 0.00078950961,
            "min": 0.00078950961,
            "max": 0.000999076,
            "count": 160
        },
        "PuzzleAgent.Policy.Beta.sum": {
            "value": 0.00394754805,
            "min": 0.0016374285600000002,
            "max": 0.004072323690000001,
            "count": 160
        },
        "PuzzleAgent.IsTraining.mean": {
            "value": 1.0,
            "min": 1.0,
            "max": 1.0,
            "count": 160
        },
        "PuzzleAgent.IsTraining.sum": {
            "value": 1.0,
            "min": 1.0,
            "max": 1.0,
            "count": 160
        }
    },
    "metadata": {
        "timer_format_version": "0.1.0",
        "start_time_seconds": "1746468173",
        "python_version": "3.10.12 | packaged by Anaconda, Inc. | (main, Jul  5 2023, 19:01:18) [MSC v.1916 64 bit (AMD64)]",
        "command_line_arguments": "C:\\Users\\Christopher\\miniconda3\\envs\\mlagents\\Scripts\\mlagents-learn Assets/config/ppo/trainer_config.yaml --run-id=please --force",
        "mlagents_version": "1.1.0",
        "mlagents_envs_version": "1.1.0",
        "communication_protocol_version": "1.5.0",
        "pytorch_version": "2.2.2+cu121",
        "numpy_version": "1.23.5",
        "end_time_seconds": "1746469165"
    },
    "total": 991.3211793999981,
    "count": 1,
    "self": 0.006617199996981071,
    "children": {
        "run_training.setup": {
            "total": 0.06532900000092923,
            "count": 1,
            "self": 0.06532900000092923
        },
        "TrainerController.start_learning": {
            "total": 991.2492332000002,
            "count": 1,
            "self": 0.6501572999404743,
            "children": {
                "TrainerController._reset_env": {
                    "total": 7.670689299997321,
                    "count": 1,
                    "self": 7.670689299997321
                },
                "TrainerController.advance": {
                    "total": 982.8765284000619,
                    "count": 70132,
                    "self": 0.674652499586955,
                    "children": {
                        "env_step": {
                            "total": 712.9852855002428,
                            "count": 70132,
                            "self": 659.3658184000269,
                            "children": {
                                "SubprocessEnvManager._take_step": {
                                    "total": 53.156766300613526,
                                    "count": 70132,
                                    "self": 2.8439090002102603,
                                    "children": {
                                        "TorchPolicy.evaluate": {
                                            "total": 50.312857300403266,
                                            "count": 68874,
                                            "self": 50.312857300403266
                                        }
                                    }
                                },
                                "workers": {
                                    "total": 0.4627007996023167,
                                    "count": 70131,
                                    "self": 0.0,
                                    "children": {
                                        "worker_root": {
                                            "total": 920.5866791000008,
                                            "count": 70131,
                                            "is_parallel": true,
                                            "self": 390.2320507003533,
                                            "children": {
                                                "steps_from_proto": {
                                                    "total": 0.00048160000005736947,
                                                    "count": 1,