{
    "name": "root",
    "gauges": {
        "PuzzleAgent.Policy.Entropy.mean": {
            "value": 2.1169192790985107,
            "min": 2.112492084503174,
            "max": 2.125981330871582,
            "count": 26
        },
        "PuzzleAgent.Policy.Entropy.sum": {
            "value": 25403.03125,
            "min": 25349.904296875,
            "max": 25535.84375,
            "count": 26
        },
        "PuzzleAgent.Step.mean": {
            "value": 311979.0,
            "min": 11992.0,
            "max": 311979.0,
            "count": 26
        },
        "PuzzleAgent.Step.sum": {
            "value": 311979.0,
            "min": 11992.0,
            "max": 311979.0,
            "count": 26
        },
        "PuzzleAgent.Policy.ExtrinsicValueEstimate.mean": {
            "value": -0.06485246866941452,
            "min": -0.07436201721429825,
            "max": -0.015695720911026,
            "count": 26
        },
        "PuzzleAgent.Policy.ExtrinsicValueEstimate.sum": {
            "value": -15.564592361450195,
            "min": -17.84688377380371,
            "max": -3.751277208328247,
            "count": 26
        },
        "PuzzleAgent.Environment.EpisodeLength.mean": {
            "value": 199.0,
            "min": 197.53333333333333,
            "max": 199.0,
            "count": 26
        },
        "PuzzleAgent.Environment.EpisodeLength.sum": {
            "value": 11940.0,
            "min": 11852.0,
            "max": 11940.0,
            "count": 26
        },
        "PuzzleAgent.Environment.CumulativeReward.mean": {
            "value": -0.6568561232183129,
            "min": -0.7566965907036016,
            "max": -0.5942522634674484,
            "count": 26
        },
        "PuzzleAgent.Environment.CumulativeReward.sum": {
            "value": -39.41136739309877,
            "min": -45.4017954422161,
            "max": -35.65513580804691,
            "count": 26
        },
        "PuzzleAgent.Policy.ExtrinsicReward.mean": {
            "value": -0.6568561232183129,
            "min": -0.7566965907036016,
            "max": -0.5942522634674484,
            "count": 26
        },
        "PuzzleAgent.Policy.ExtrinsicReward.sum": {
            "value": -39.41136739309877,
            "min": -45.4017954422161,
            "max": -35.65513580804691,
            "count": 26
        },
        "PuzzleAgent.Losses.PolicyLoss.mean": {
            "value": 0.027644229090462123,
            "min": 0.02554164648528159,
            "max": 0.036381834508695955,
            "count": 26
        },
        "PuzzleAgent.Losses.PolicyLoss.sum": {
            "value": 0.13822114545231062,
            "min": 0.13822114545231062,
            "max": 0.2104771917317218,
            "count": 26
        },
        "PuzzleAgent.Losses.ValueLoss.mean": {
            "value": 0.00010033114146305402,
            "min": 6.745327282765681e-05,
            "max": 0.0029855129304147947,
            "count": 26
        },
        "PuzzleAgent.Losses.ValueLoss.sum": {
            "value": 0.0005016557073152701,
            "min": 0.0004047196369659408,
            "max": 0.014927564652073974,
            "count": 26
        },
        "PuzzleAgent.Policy.LearningRate.mean": {
            "value": 0.00011645298118235997,
            "min": 0.00011645298118235997,
            "max": 0.00029628288123903995,
            "count": 26
        },
        "PuzzleAgent.Policy.LearningRate.sum": {
            "value": 0.0005822649059117999,
            "min": 0.0005822649059117999,
            "max": 0.0017367792210736,
            "count": 26
        },
        "PuzzleAgent.Policy.Epsilon.mean": {
            "value": 0.17763528,
            "min": 0.17763528,
            "max": 0.29752192,
            "count": 26
        },
        "PuzzleAgent.Policy.Epsilon.sum": {
            "value": 0.8881764,
            "min": 0.8881764,
            "max": 1.7578527999999998,
            "count": 26
        },
        "PuzzleAgent.Policy.Beta.mean": {
            "value": 0.00039429463600000006,
            "min": 0.00039429463600000006,
            "max": 0.0009877335040000001,
            "count": 26
        },
        "PuzzleAgent.Policy.Beta.sum": {
            "value": 0.00197147318,
            "min": 0.00197147318,
            "max": 0.00579137136,
            "count": 26
        },
        "PuzzleAgent.IsTraining.mean": {
            "value": 1.0,
            "min": 1.0,
            "max": 1.0,
            "count": 26
        },
        "PuzzleAgent.IsTraining.sum": {
            "value": 1.0,
            "min": 1.0,
            "max": 1.0,
            "count": 26
        }
    },
    "metadata": {
        "timer_format_version": "0.1.0",
        "start_time_seconds": "1747153243",
        "python_version": "3.10.12 | packaged by Anaconda, Inc. | (main, Jul  5 2023, 19:01:18) [MSC v.1916 64 bit (AMD64)]",
        "command_line_arguments": "C:\\Users\\Christopher\\miniconda3\\envs\\mlagents\\Scripts\\mlagents-learn Assets/config/ppo/trainer_config.yaml --run-id=PROGRESS --force",
        "mlagents_version": "1.1.0",
        "mlagents_envs_version": "1.1.0",
        "communication_protocol_version": "1.5.0",
        "pytorch_version": "2.2.2+cu121",
        "numpy_version": "1.23.5",
        "end_time_seconds": "1747154425"
    },
    "total": 1182.9011112999979,
    "count": 1,
    "self": 0.005345599998690886,
    "children": {
        "run_training.setup": {
            "total": 0.06626559999858728,
            "count": 1,
            "self": 0.06626559999858728
        },
        "TrainerController.start_learning": {
            "total": 1182.8295001000006,
            "count": 1,
            "self": 2.949456000860664,
            "children": {
                "TrainerController._reset_env": {
                    "total": 6.51747659999819,
                    "count": 1,
                    "self": 6.51747659999819
                },
                "TrainerController.advance": {
                    "total": 1173.2900016991407,
                    "count": 313587,
                    "self": 2.7653294001574977,
                    "children": {
                        "env_step": {
                            "total": 1109.466150898672,
                            "count": 313587,
                            "self": 919.5535132998157,
                            "children": {
                                "SubprocessEnvManager._take_step": {
                                    "total": 187.86843749906984,
                                    "count": 313587,
                                    "self": 7.581595701216429,
                                    "children": {
                                        "TorchPolicy.evaluate": {
                                            "total": 180.2868417978534,
                                            "count": 312161,
                                            "self": 180.2868417978534
                                        }
                                    }
                                },
                                "workers": {
                                    "total": 2.0442000997863943,
                                    "count": 313586,
                                    "self": 0.0,
                                    "children": {
                                        "worker_root": {
                                            "total": 1172.420001498922,
                                            "count": 313586,
                                            "is_parallel": true,
                                            "self": 405.67562239828476,
                                            "children": {
                                                "steps_from_proto": {
                                                    "total": 0.00022960000205785036,
                                                    "count": 1,