{"count":1,"self":1534.5330176,"total":2527.4303253,"children":{"InitializeActuators":{"count":1,"self":0.00099969999999999985,"total":0.00099969999999999985,"children":null},"InitializeSensors":{"count":1,"self":0.0009999,"total":0.0009999,"children":null},"AgentSendState":{"count":2500085,"self":2.5200348,"total":7.2362326999999995,"children":{"CollectObservations":{"count":500017,"self":0.49563419999999997,"total":0.49563419999999997,"children":null},"WriteActionMask":{"count":500017,"self":0.219031,"total":0.219031,"children":null},"RequestDecision":{"count":500017,"self":0.9506175,"total":4.0015326999999994,"children":{"AgentInfo.ToProto":{"count":500017,"self":0.9810026,"total":3.0509152,"children":{"GenerateSensorData":{"count":500017,"self":2.0699126,"total":2.0699126,"children":null}}}}}}},"DecideAction":{"count":2500085,"self":968.5899264,"total":968.58995469999991,"children":null},"AgentAct":{"count":2500085,"self":16.883995199999998,"total":16.8849949,"children":{"AgentInfo.ToProto":{"count":356,"self":0,"total":0.00099969999999999985,"children":{"GenerateSensorData":{"count":356,"self":0.00099969999999999985,"total":0.00099969999999999985,"children":null}}}}},"AgentInfo.ToProto":{"count":23396,"self":0.077098,"total":0.18360359999999998,"children":{"GenerateSensorData":{"count":23396,"self":0.10650559999999999,"total":0.10650559999999999,"children":null}}}},"gauges":{"PuzzleAgent.CumulativeReward":{"count":23752,"max":1.57599962,"min":-0.8159931,"runningAverage":1.08918738,"value":1.101,"weightedAverage":1.08875811}},"metadata":{"timer_format_version":"0.1.0","start_time_seconds":"1744054130","unity_version":"2023.2.20f1","command_line_arguments":"C:\\Program Files\\Unity\\Hub\\Editor\\2023.2.20f1\\Editor\\Unity.exe -projectpath C:\\Unity Projects\\PuzzleAgent-ML -useHub -hubIPC -cloudEnvironment production","communication_protocol_version":"1.5.0","com.unity.ml-agents_version":"3.0.0","scene_name":"PuzzleAgentTest","end_time_seconds":"1744056657"}}