{"count":1,"self":2316.8638975999997,"total":4502.1016420999995,"children":{"InitializeActuators":{"count":1,"self":0.0010019999999999999,"total":0.0010019999999999999,"children":null},"InitializeSensors":{"count":1,"self":0.0009979,"total":0.0009979,"children":null},"AgentSendState":{"count":4385851,"self":8.5115552,"total":23.3817755,"children":{"CollectObservations":{"count":877171,"self":2.984238,"total":2.984238,"children":null},"WriteActionMask":{"count":877171,"self":0.4595088,"total":0.4595088,"children":null},"RequestDecision":{"count":877171,"self":2.2143874,"total":11.4264739,"children":{"AgentInfo.ToProto":{"count":877171,"self":2.841871,"total":9.2120865,"children":{"GenerateSensorData":{"count":877171,"self":6.3702156,"total":6.3702155,"children":null}}}}}}},"DecideAction":{"count":4385851,"self":2122.3540736,"total":2122.3541204,"children":null},"AgentAct":{"count":4385851,"self":39.444255999999996,"total":39.485250799999996,"children":{"AgentInfo.ToProto":{"count":3905,"self":0.0134994,"total":0.040993299999999996,"children":{"GenerateSensorData":{"count":3905,"self":0.027493899999999998,"total":0.027493899999999998,"children":null}}}}},"AgentInfo.ToProto":{"count":968,"self":0.0019989,"total":0.013500199999999999,"children":{"GenerateSensorData":{"count":968,"self":0.011501299999999999,"total":0.011501299999999999,"children":null}}}},"gauges":{"PuzzleAgent.CumulativeReward":{"count":4873,"max":2.15764761,"min":-0.977991,"runningAverage":0.229480252,"value":0.09025722,"weightedAverage":0.462438136}},"metadata":{"timer_format_version":"0.1.0","start_time_seconds":"1747157936","unity_version":"2022.3.34f1","command_line_arguments":"C:\\Program Files\\Unity\\Hub\\Editor\\2022.3.34f1\\Editor\\Unity.exe -projectpath C:\\Unity Projects\\PuzzleAgent-ML -useHub -hubIPC -cloudEnvironment production","communication_protocol_version":"1.5.0","com.unity.ml-agents_version":"3.0.0","scene_name":"PuzzleAgentTest","end_time_seconds":"1747162438"}}