{"count":1,"self":732.0342016,"total":2997.9250487,"children":{"InitializeActuators":{"count":28,"self":0.0010077,"total":0.0010077,"children":null},"InitializeSensors":{"count":28,"self":0.0009984,"total":0.0009984,"children":null},"AgentSendState":{"count":1151001,"self":11.1004504,"total":586.5133224,"children":{"CollectObservations":{"count":6445628,"self":21.688896,"total":21.6888962,"children":null},"WriteActionMask":{"count":6445628,"self":2.1996336,"total":2.1996335,"children":null},"RequestDecision":{"count":6445628,"self":7.9441792,"total":551.5243422,"children":{"AgentInfo.ToProto":{"count":6445628,"self":8.0242855999999989,"total":543.5801633,"children":{"GenerateSensorData":{"count":6445628,"self":535.5558912,"total":535.5558778,"children":null}}}}}}},"DecideAction":{"count":1151001,"self":1515.2783359999999,"total":1515.2783471,"children":null},"AgentAct":{"count":1151001,"self":160.8467968,"total":164.096173,"children":{"AgentInfo.ToProto":{"count":32248,"self":0.061510699999999995,"total":3.2493773999999997,"children":{"GenerateSensorData":{"count":32248,"self":3.1878667999999997,"total":3.1878667,"children":null}}}}}},"gauges":{"PuzzleAgent.CumulativeReward":{"count":32248,"max":2.999753,"min":-0.9999907,"runningAverage":-0.123892166,"value":-0.112517565,"weightedAverage":-0.11536672}},"metadata":{"timer_format_version":"0.1.0","start_time_seconds":"1746470122","unity_version":"2022.3.34f1","command_line_arguments":"C:\\Program Files\\Unity\\Hub\\Editor\\2022.3.34f1\\Editor\\Unity.exe -projectpath C:\\Unity Projects\\PuzzleAgent-ML -useHub -hubIPC -cloudEnvironment production","communication_protocol_version":"1.5.0","com.unity.ml-agents_version":"3.0.0","scene_name":"PuzzleAgentTest","end_time_seconds":"1746473120"}}