{"count":1,"self":590.78446079999992,"total":3033.6854005,"children":{"InitializeActuators":{"count":6,"self":0.0010002,"total":0.0010002,"children":null},"InitializeSensors":{"count":6,"self":0.0010003,"total":0.0010003,"children":null},"AgentSendState":{"count":1250384,"self":4.1207047999999995,"total":13.692757199999999,"children":{"CollectObservations":{"count":1500462,"self":1.3481849,"total":1.3481849,"children":null},"WriteActionMask":{"count":1500462,"self":0.42219969999999996,"total":0.42219969999999996,"children":null},"RequestDecision":{"count":1500462,"self":2.0452242,"total":7.8016679999999994,"children":{"AgentInfo.ToProto":{"count":1500462,"self":1.9621172,"total":5.7564437999999996,"children":{"GenerateSensorData":{"count":1500462,"self":3.7943263999999997,"total":3.7943265999999998,"children":null}}}}}}},"DecideAction":{"count":1250384,"self":2392.4465664,"total":2392.4465746,"children":null},"AgentAct":{"count":1250384,"self":36.6717568,"total":36.705343,"children":{"AgentInfo.ToProto":{"count":5771,"self":0.010009299999999999,"total":0.0335854,"children":{"GenerateSensorData":{"count":5771,"self":0.0235761,"total":0.0235761,"children":null}}}}},"AgentInfo.ToProto":{"count":3587,"self":0.022003599999999998,"total":0.0542587,"children":{"GenerateSensorData":{"count":3587,"self":0.0322551,"total":0.0322551,"children":null}}}},"gauges":{"PuzzleAgent.CumulativeReward":{"count":9358,"max":2.04099321,"min":-0.9999907,"runningAverage":-0.0230386741,"value":1.19399989,"weightedAverage":0.75986737}},"metadata":{"timer_format_version":"0.1.0","start_time_seconds":"1744121357","unity_version":"2022.3.34f1","command_line_arguments":"C:\\Program Files\\Unity 2022.3.34f1\\Editor\\Unity.exe -projectPath D:\\s4325837\\GitHub\\PuzzleAgent-ML","communication_protocol_version":"1.5.0","com.unity.ml-agents_version":"3.0.0","scene_name":"PuzzleAgentTest","end_time_seconds":"1744124391"}}