{"count":1,"self":2029.1182592,"total":5491.3385816,"children":{"InitializeActuators":{"count":12,"self":0.0009999,"total":0.0009999,"children":null},"InitializeSensors":{"count":12,"self":0.0009989,"total":0.0009989,"children":null},"AgentSendState":{"count":4177001,"self":13.2168896,"total":533.3658328,"children":{"CollectObservations":{"count":5094048,"self":13.0974512,"total":13.0974515,"children":null},"WriteActionMask":{"count":5094048,"self":1.7864115999999999,"total":1.7864115999999999,"children":null},"RequestDecision":{"count":5094048,"self":6.7786063999999993,"total":505.26507999999995,"children":{"AgentInfo.ToProto":{"count":5094048,"self":7.8161439999999995,"total":498.486474,"children":{"GenerateSensorData":{"count":5094048,"self":490.67033599999996,"total":490.6703303,"children":null}}}}}}},"DecideAction":{"count":4177001,"self":2849.4272512,"total":2849.4271577,"children":null},"AgentAct":{"count":4177001,"self":75.056096,"total":79.1010831,"children":{"AgentInfo.ToProto":{"count":24123,"self":0.0670207,"total":4.0449872,"children":{"GenerateSensorData":{"count":24123,"self":3.9779663999999997,"total":3.9779665,"children":null}}}}},"AgentInfo.ToProto":{"count":2756,"self":0.0099984999999999987,"total":0.32433999999999996,"children":{"GenerateSensorData":{"count":2756,"self":0.3143415,"total":0.3143415,"children":null}}}},"gauges":{"PuzzleAgent.CumulativeReward":{"count":26879,"max":2.999,"min":-51.71354,"runningAverage":-47.45471,"value":-50.3184052,"weightedAverage":-48.40609}},"metadata":{"timer_format_version":"0.1.0","start_time_seconds":"1747135793","unity_version":"2022.3.34f1","command_line_arguments":"C:\\Program Files\\Unity\\Hub\\Editor\\2022.3.34f1\\Editor\\Unity.exe -projectpath C:\\Unity Projects\\PuzzleAgent-ML -useHub -hubIPC -cloudEnvironment production","communication_protocol_version":"1.5.0","com.unity.ml-agents_version":"3.0.0","scene_name":"PuzzleAgentTest","end_time_seconds":"1747141284"}}