{
    "name": "root",
    "gauges": {
        "PuzzleAgent.Policy.Entropy.mean": {
            "value": 1.5911118984222412,
            "min": 1.5349094867706299,
            "max": 2.1123006343841553,
            "count": 744
        },
        "PuzzleAgent.Policy.Entropy.sum": {
            "value": 17820.453125,
            "min": 17190.986328125,
            "max": 35481.765625,
            "count": 744
        },
        "PuzzleAgent.Environment.EpisodeLength.mean": {
            "value": 199.0,
            "min": 199.0,
            "max": 199.0,
            "count": 744
        },
        "PuzzleAgent.Environment.EpisodeLength.sum": {
            "value": 11144.0,
            "min": 11144.0,
            "max": 16716.0,
            "count": 744
        },
        "PuzzleAgent.Step.mean": {
            "value": 8927800.0,
            "min": 11800.0,
            "max": 8927800.0,
            "count": 744
        },
        "PuzzleAgent.Step.sum": {
            "value": 8927800.0,
            "min": 11800.0,
            "max": 8927800.0,
            "count": 744
        },
        "PuzzleAgent.Policy.ExtrinsicValueEstimate.mean": {
            "value": -0.013619360513985157,
            "min": -0.09948157519102097,
            "max": -0.009863902814686298,
            "count": 744
        },
        "PuzzleAgent.Policy.ExtrinsicValueEstimate.sum": {
            "value": -0.8171616196632385,
            "min": -5.869412899017334,
            "max": -0.5918341875076294,
            "count": 744
        },
        "PuzzleAgent.Environment.CumulativeReward.mean": {
            "value": -0.14697414229934413,
            "min": -0.5058765882405184,
            "max": -0.09553191087519129,
            "count": 744
        },
        "PuzzleAgent.Environment.CumulativeReward.sum": {
            "value": -8.818448537960649,
            "min": -29.975020825862885,
            "max": -5.7319146525114775,
            "count": 744
        },
        "PuzzleAgent.Policy.ExtrinsicReward.mean": {
            "value": -0.14697414229934413,
            "min": -0.5058765882405184,
            "max": -0.09553191087519129,
            "count": 744
        },
        "PuzzleAgent.Policy.ExtrinsicReward.sum": {
            "value": -8.818448537960649,
            "min": -29.975020825862885,
            "max": -5.7319146525114775,
            "count": 744
        },
        "PuzzleAgent.Losses.PolicyLoss.mean": {
            "value": 0.03251931574195623,
            "min": 0.02300268344891568,
            "max": 0.04385260227136314,
            "count": 744
        },
        "PuzzleAgent.Losses.PolicyLoss.sum": {
            "value": 0.06503863148391247,
            "min": 0.04600536689783136,
            "max": 0.11731703967476884,
            "count": 744
        },
        "PuzzleAgent.Losses.ValueLoss.mean": {
            "value": 0.0001573539739183616,
            "min": 6.089843045629095e-05,
            "max": 0.012531611738571275,
            "count": 744
        },
        "PuzzleAgent.Losses.ValueLoss.sum": {
            "value": 0.0003147079478367232,
            "min": 0.0001217968609125819,
            "max": 0.02506322347714255,
            "count": 744
        },
        "PuzzleAgent.Policy.LearningRate.mean": {
            "value": 2.5467658177777748e-06,
            "min": 2.5467658177777748e-06,
            "max": 0.0002997200000933333,
            "count": 744
        },
        "PuzzleAgent.Policy.LearningRate.sum": {
            "value": 5.0935316355555495e-06,
            "min": 5.0935316355555495e-06,
            "max": 0.0008910400029866667,
            "count": 744
        },
        "PuzzleAgent.Policy.Epsilon.mean": {
            "value": 0.1016977777777778,
            "min": 0.1016977777777778,
            "max": 0.29981333333333327,
            "count": 744
        },
        "PuzzleAgent.Policy.Epsilon.sum": {
            "value": 0.2033955555555556,
            "min": 0.2033955555555556,
            "max": 0.8940266666666665,
            "count": 744
        },
        "PuzzleAgent.Policy.Beta.mean": {
            "value": 1.8403999999999995e-05,
            "min": 1.8403999999999995e-05,
            "max": 0.000999076,
            "count": 744
        },
        "PuzzleAgent.Policy.Beta.sum": {
            "value": 3.680799999999999e-05,
            "min": 3.680799999999999e-05,
            "max": 0.0029704319999999994,
            "count": 744
        },
        "PuzzleAgent.IsTraining.mean": {
            "value": 1.0,
            "min": 1.0,
            "max": 1.0,
            "count": 744
        },
        "PuzzleAgent.IsTraining.sum": {
            "value": 1.0,
            "min": 1.0,
            "max": 1.0,
            "count": 744
        }
    },
    "metadata": {
        "timer_format_version": "0.1.0",
        "start_time_seconds": "1746527643",
        "python_version": "3.10.12 | packaged by Anaconda, Inc. | (main, Jul  5 2023, 19:01:18) [MSC v.1916 64 bit (AMD64)]",
        "command_line_arguments": "C:\\Users\\s4325837\\.conda\\envs\\mlagents\\Scripts\\mlagents-learn Assets/config/ppo/trainer_config.yaml --run-id=uniMulti2 --force",
        "mlagents_version": "1.1.0",
        "mlagents_envs_version": "1.1.0",
        "communication_protocol_version": "1.5.0",
        "pytorch_version": "2.2.2+cu121",
        "numpy_version": "1.23.5",
        "end_time_seconds": "1746536025"
    },
    "total": 8382.40329100001,
    "count": 1,
    "self": 0.005732300007366575,
    "children": {
        "run_training.setup": {
            "total": 0.08774849999463186,
            "count": 1,
            "self": 0.08774849999463186
        },
        "TrainerController.start_learning": {
            "total": 8382.309810200008,
            "count": 1,
            "self": 5.2515002075524535,
            "children": {
                "TrainerController._reset_env": {
                    "total": 6.405937700008508,
                    "count": 1,
                    "self": 6.405937700008508
                },
                "TrainerController.advance": {
                    "total": 8370.382433392442,
                    "count": 319001,
                    "self": 5.375871589087183,
                    "children": {
                        "env_step": {
                            "total": 5513.880607000567,
                            "count": 319001,
                            "self": 3219.375373801129,
                            "children": {
                                "SubprocessEnvManager._take_step": {
                                    "total": 2291.1697449999483,
                                    "count": 319001,
                                    "self": 18.346353998334962,
                                    "children": {
                                        "TorchPolicy.evaluate": {
                                            "total": 2272.8233910016133,
                                            "count": 319001,
                                            "self": 2272.8233910016133
                                        }
                                    }
                                },
                                "workers": {
                                    "total": 3.335488199489191,
                                    "count": 319000,
                                    "self": 0.0,
                                    "children": {
                                        "worker_root": {
                                            "total": 8302.173338800843,
                                            "count": 319000,
                                            "is_parallel": true,
                                            "self": 5691.126757100908,
                                            "children": {
                                                "steps_from_proto": {
                                                    "total": 0.00034669999149627984,