{
    "name": "root",
    "gauges": {
        "PuzzleAgent.Policy.Entropy.mean": {
            "value": 1.8298064470291138,
            "min": 1.8275808095932007,
            "max": 2.113600969314575,
            "count": 41
        },
        "PuzzleAgent.Policy.Entropy.sum": {
            "value": 21955.84765625,
            "min": 21932.796875,
            "max": 25686.0546875,
            "count": 41
        },
        "PuzzleAgent.Environment.EpisodeLength.mean": {
            "value": 11.144736842105264,
            "min": 11.144736842105264,
            "max": 198.39344262295083,
            "count": 41
        },
        "PuzzleAgent.Environment.EpisodeLength.sum": {
            "value": 11011.0,
            "min": 11011.0,
            "max": 12102.0,
            "count": 41
        },
        "PuzzleAgent.Step.mean": {
            "value": 491995.0,
            "min": 11963.0,
            "max": 491995.0,
            "count": 41
        },
        "PuzzleAgent.Step.sum": {
            "value": 491995.0,
            "min": 11963.0,
            "max": 491995.0,
            "count": 41
        },
        "PuzzleAgent.Policy.ExtrinsicValueEstimate.mean": {
            "value": 0.9945994019508362,
            "min": 0.1502414047718048,
            "max": 0.9946197867393494,
            "count": 41
        },
        "PuzzleAgent.Policy.ExtrinsicValueEstimate.sum": {
            "value": 982.6641845703125,
            "min": 9.465208053588867,
            "max": 982.6641845703125,
            "count": 41
        },
        "PuzzleAgent.Environment.CumulativeReward.mean": {
            "value": 1.0827712549371757,
            "min": -0.30775001967946686,
            "max": 1.161210310241695,
            "count": 41
        },
        "PuzzleAgent.Environment.CumulativeReward.sum": {
            "value": 1069.7779998779297,
            "min": -18.465001180768013,
            "max": 1069.7779998779297,
            "count": 41
        },
        "PuzzleAgent.Policy.ExtrinsicReward.mean": {
            "value": 1.0827712549371757,
            "min": -0.30775001967946686,
            "max": 1.161210310241695,
            "count": 41
        },
        "PuzzleAgent.Policy.ExtrinsicReward.sum": {
            "value": 1069.7779998779297,
            "min": -18.465001180768013,
            "max": 1069.7779998779297,
            "count": 41
        },
        "PuzzleAgent.IsTraining.mean": {
            "value": 1.0,
            "min": 1.0,
            "max": 1.0,
            "count": 41
        },
        "PuzzleAgent.IsTraining.sum": {
            "value": 1.0,
            "min": 1.0,
            "max": 1.0,
            "count": 41
        },
        "PuzzleAgent.Losses.PolicyLoss.mean": {
            "value": 0.09425995260731893,
            "min": 0.0918166437607554,
            "max": 0.10550002486574771,
            "count": 40
        },
        "PuzzleAgent.Losses.PolicyLoss.sum": {
            "value": 0.09425995260731893,
            "min": 0.0918166437607554,
            "max": 0.10550002486574771,
            "count": 40
        },
        "PuzzleAgent.Losses.ValueLoss.mean": {
            "value": 5.497135799015526e-05,
            "min": 4.8348162537209276e-05,
            "max": 0.03623378012375331,
            "count": 40
        },
        "PuzzleAgent.Losses.ValueLoss.sum": {
            "value": 5.497135799015526e-05,
            "min": 4.8348162537209276e-05,
            "max": 0.03623378012375331,
            "count": 40
        },
        "PuzzleAgent.Policy.LearningRate.mean": {
            "value": 1.1193096268999987e-05,
            "min": 1.1193096268999987e-05,
            "max": 0.00029270220243259997,
            "count": 40
        },
        "PuzzleAgent.Policy.LearningRate.sum": {
            "value": 1.1193096268999987e-05,
            "min": 1.1193096268999987e-05,
            "max": 0.00029270220243259997,
            "count": 40
        },
        "PuzzleAgent.Policy.Epsilon.mean": {
            "value": 0.103731,
            "min": 0.103731,
            "max": 0.19756740000000003,
            "count": 40
        },
        "PuzzleAgent.Policy.Epsilon.sum": {
            "value": 0.103731,
            "min": 0.103731,
            "max": 0.19756740000000003,
            "count": 40
        },
        "PuzzleAgent.Policy.Beta.mean": {
            "value": 4.6936899999999954e-05,
            "min": 4.6936899999999954e-05,
            "max": 0.0009759172600000003,
            "count": 40
        },
        "PuzzleAgent.Policy.Beta.sum": {
            "value": 4.6936899999999954e-05,
            "min": 4.6936899999999954e-05,
            "max": 0.0009759172600000003,
            "count": 40
        }
    },
    "metadata": {
        "timer_format_version": "0.1.0",
        "start_time_seconds": "1744054125",
        "python_version": "3.10.12 | packaged by Anaconda, Inc. | (main, Jul  5 2023, 19:01:18) [MSC v.1916 64 bit (AMD64)]",
        "command_line_arguments": "C:\\Users\\Christopher\\miniconda3\\envs\\mlagents\\Scripts\\mlagents-learn Assets/config/ppo/trainer_config.yaml --run-id=firstPuzzleAgentRun --force",
        "mlagents_version": "1.1.0",
        "mlagents_envs_version": "1.1.0",
        "communication_protocol_version": "1.5.0",
        "pytorch_version": "2.2.2+cu121",
        "numpy_version": "1.23.5",
        "end_time_seconds": "1744056657"
    },
    "total": 2532.550743,
    "count": 1,
    "self": 0.007518899998103734,
    "children": {
        "run_training.setup": {
            "total": 0.06422310000198195,
            "count": 1,
            "self": 0.06422310000198195
        },
        "TrainerController.start_learning": {
            "total": 2532.4790009999997,
            "count": 1,
            "self": 3.9812523009895813,
            "children": {
                "TrainerController._reset_env": {
                    "total": 6.368837000001804,
                    "count": 1,
                    "self": 6.368837000001804
                },
                "TrainerController.advance": {
                    "total": 2522.0744855990124,
                    "count": 519037,
                    "self": 3.970497993985191,
                    "children": {
                        "env_step": {
                            "total": 2391.676931101465,
                            "count": 519037,
                            "self": 2126.8257462002875,
                            "children": {
                                "SubprocessEnvManager._take_step": {
                                    "total": 261.93321619991184,
                                    "count": 519037,
                                    "self": 10.848589400739002,
                                    "children": {
                                        "TorchPolicy.evaluate": {
                                            "total": 251.08462679917284,
                                            "count": 500014,
                                            "self": 251.08462679917284
                                        }
                                    }
                                },
                                "workers": {
                                    "total": 2.917968701265636,
                                    "count": 519037,
                                    "self": 0.0,
                                    "children": {
                                        "worker_root": {
                                            "total": 2519.713971602585,
                                            "count": 519037,
                                            "is_parallel": true,
                                            "self": 615.5817170009614,
                                            "children": {
                                                "steps_from_proto": {
                                                    "total": 0.00023399999918183312,