{
    "name": "root",
    "gauges": {
        "PuzzleAgent.Policy.Entropy.mean": {
            "value": 2.110628604888916,
            "min": 2.110628604888916,
            "max": 2.110628604888916,
            "count": 1
        },
        "PuzzleAgent.Policy.Entropy.sum": {
            "value": 35458.5625,
            "min": 35458.5625,
            "max": 35458.5625,
            "count": 1
        },
        "PuzzleAgent.Environment.EpisodeLength.mean": {
            "value": 199.0,
            "min": 199.0,
            "max": 199.0,
            "count": 1
        },
        "PuzzleAgent.Environment.EpisodeLength.sum": {
            "value": 16716.0,
            "min": 16716.0,
            "max": 16716.0,
            "count": 1
        },
        "PuzzleAgent.Step.mean": {
            "value": 11800.0,
            "min": 11800.0,
            "max": 11800.0,
            "count": 1
        },
        "PuzzleAgent.Step.sum": {
            "value": 11800.0,
            "min": 11800.0,
            "max": 11800.0,
            "count": 1
        },
        "PuzzleAgent.Policy.ExtrinsicValueEstimate.mean": {
            "value": -0.009485838003456593,
            "min": -0.009485838003456593,
            "max": -0.009485838003456593,
            "count": 1
        },
        "PuzzleAgent.Policy.ExtrinsicValueEstimate.sum": {
            "value": -0.5596644282341003,
            "min": -0.5596644282341003,
            "max": -0.5596644282341003,
            "count": 1
        },
        "PuzzleAgent.Environment.CumulativeReward.mean": {
            "value": -0.44015808826533415,
            "min": -0.44015808826533415,
            "max": -0.44015808826533415,
            "count": 1
        },
        "PuzzleAgent.Environment.CumulativeReward.sum": {
            "value": -25.969327207654715,
            "min": -25.969327207654715,
            "max": -25.969327207654715,
            "count": 1
        },
        "PuzzleAgent.Policy.ExtrinsicReward.mean": {
            "value": -0.44015808826533415,
            "min": -0.44015808826533415,
            "max": -0.44015808826533415,
            "count": 1
        },
        "PuzzleAgent.Policy.ExtrinsicReward.sum": {
            "value": -25.969327207654715,
            "min": -25.969327207654715,
            "max": -25.969327207654715,
            "count": 1
        },
        "PuzzleAgent.Losses.PolicyLoss.mean": {
            "value": 0.03462497804430313,
            "min": 0.03462497804430313,
            "max": 0.03462497804430313,
            "count": 1
        },
        "PuzzleAgent.Losses.PolicyLoss.sum": {
            "value": 0.06924995608860626,
            "min": 0.06924995608860626,
            "max": 0.06924995608860626,
            "count": 1
        },
        "PuzzleAgent.Losses.ValueLoss.mean": {
            "value": 0.016013084388881303,
            "min": 0.016013084388881303,
            "max": 0.016013084388881303,
            "count": 1
        },
        "PuzzleAgent.Losses.ValueLoss.sum": {
            "value": 0.032026168777762605,
            "min": 0.032026168777762605,
            "max": 0.032026168777762605,
            "count": 1
        },
        "PuzzleAgent.Policy.LearningRate.mean": {
            "value": 0.0002997200000933333,
            "min": 0.0002997200000933333,
            "max": 0.0002997200000933333,
            "count": 1
        },
        "PuzzleAgent.Policy.LearningRate.sum": {
            "value": 0.0005994400001866666,
            "min": 0.0005994400001866666,
            "max": 0.0005994400001866666,
            "count": 1
        },
        "PuzzleAgent.Policy.Epsilon.mean": {
            "value": 0.29981333333333327,
            "min": 0.29981333333333327,
            "max": 0.29981333333333327,
            "count": 1
        },
        "PuzzleAgent.Policy.Epsilon.sum": {
            "value": 0.5996266666666665,
            "min": 0.5996266666666665,
            "max": 0.5996266666666665,
            "count": 1
        },
        "PuzzleAgent.Policy.Beta.mean": {
            "value": 0.000999076,
            "min": 0.000999076,
            "max": 0.000999076,
            "count": 1
        },
        "PuzzleAgent.Policy.Beta.sum": {
            "value": 0.001998152,
            "min": 0.001998152,
            "max": 0.001998152,
            "count": 1
        },
        "PuzzleAgent.IsTraining.mean": {
            "value": 1.0,
            "min": 1.0,
            "max": 1.0,
            "count": 1
        },
        "PuzzleAgent.IsTraining.sum": {
            "value": 1.0,
            "min": 1.0,
            "max": 1.0,
            "count": 1
        }
    },
    "metadata": {
        "timer_format_version": "0.1.0",
        "start_time_seconds": "1746468025",
        "python_version": "3.10.12 | packaged by Anaconda, Inc. | (main, Jul  5 2023, 19:01:18) [MSC v.1916 64 bit (AMD64)]",
        "command_line_arguments": "C:\\Users\\Christopher\\miniconda3\\envs\\mlagents\\Scripts\\mlagents-learn Assets/config/ppo/trainer_config.yaml --run-id=NEWTRAINING --force",
        "mlagents_version": "1.1.0",
        "mlagents_envs_version": "1.1.0",
        "communication_protocol_version": "1.5.0",
        "pytorch_version": "2.2.2+cu121",
        "numpy_version": "1.23.5",
        "end_time_seconds": "1746468156"
    },
    "total": 131.32090519999838,
    "count": 1,
    "self": 0.005462599998281803,
    "children": {
        "run_training.setup": {
            "total": 0.0709515000016836,
            "count": 1,
            "self": 0.0709515000016836
        },
        "TrainerController.start_learning": {
            "total": 131.2444910999984,
            "count": 1,
            "self": 0.012201000077766366,
            "children": {
                "TrainerController._reset_env": {
                    "total": 6.0375894000026165,
                    "count": 1,
                    "self": 6.0375894000026165
                },
                "TrainerController.advance": {
                    "total": 125.11985309991724,
                    "count": 983,
                    "self": 0.012190699857455911,
                    "children": {
                        "env_step": {
                            "total": 121.22947810008554,
                            "count": 983,
                            "self": 120.34202170009303,
                            "children": {
                                "SubprocessEnvManager._take_step": {
                                    "total": 0.8791364999669895,
                                    "count": 983,
                                    "self": 0.039980299887247384,
                                    "children": {
                                        "TorchPolicy.evaluate": {
                                            "total": 0.8391562000797421,
                                            "count": 971,
                                            "self": 0.8391562000797421
                                        }
                                    }
                                },
                                "workers": {
                                    "total": 0.008319900025526294,
                                    "count": 982,
                                    "self": 0.0,
                                    "children": {
                                        "worker_root": {
                                            "total": 60.07942190002359,
                                            "count": 982,
                                            "is_parallel": true,
                                            "self": 6.564553100059129,
                                            "children": {
                                                "steps_from_proto": {
                                                    "total": 0.0005092000028525945,
                                                    "count": 1,
                                                    "is_parallel": true,