{
    "name": "root",
    "gauges": {
        "PuzzleAgent.Policy.Entropy.mean": {
            "value": 2.0224485397338867,
            "min": 1.989291787147522,
            "max": 2.1099977493286133,
            "count": 79
        },
        "PuzzleAgent.Policy.Entropy.sum": {
            "value": 24010.5078125,
            "min": 17546.08203125,
            "max": 27007.970703125,
            "count": 79
        },
        "PuzzleAgent.Environment.EpisodeLength.mean": {
            "value": 196.81967213114754,
            "min": 190.515625,
            "max": 199.0,
            "count": 79
        },
        "PuzzleAgent.Environment.EpisodeLength.sum": {
            "value": 12006.0,
            "min": 6531.0,
            "max": 12934.0,
            "count": 79
        },
        "PuzzleAgent.Step.mean": {
            "value": 947871.0,
            "min": 11800.0,
            "max": 947871.0,
            "count": 79
        },
        "PuzzleAgent.Step.sum": {
            "value": 947871.0,
            "min": 11800.0,
            "max": 947871.0,
            "count": 79
        },
        "PuzzleAgent.Policy.ExtrinsicValueEstimate.mean": {
            "value": -0.10283169150352478,
            "min": -0.10994751751422882,
            "max": -0.08593706786632538,
            "count": 79
        },
        "PuzzleAgent.Policy.ExtrinsicValueEstimate.sum": {
            "value": -6.272733211517334,
            "min": -6.706798553466797,
            "max": -5.156224250793457,
            "count": 79
        },
        "PuzzleAgent.Environment.CumulativeReward.mean": {
            "value": -1.0240983425593766,
            "min": -1.0457212924957275,
            "max": -0.9309354760954457,
            "count": 79
        },
        "PuzzleAgent.Environment.CumulativeReward.sum": {
            "value": -62.46999889612198,
            "min": -63.78899884223938,
            "max": -57.422998666763306,
            "count": 79
        },
        "PuzzleAgent.Policy.ExtrinsicReward.mean": {
            "value": -1.0240983425593766,
            "min": -1.0457212924957275,
            "max": -0.9309354760954457,
            "count": 79
        },
        "PuzzleAgent.Policy.ExtrinsicReward.sum": {
            "value": -62.46999889612198,
            "min": -63.78899884223938,
            "max": -57.422998666763306,
            "count": 79
        },
        "PuzzleAgent.Losses.PolicyLoss.mean": {
            "value": 0.0365292618565339,
            "min": 0.026351826333363228,
            "max": 0.03955625150895988,
            "count": 79
        },
        "PuzzleAgent.Losses.PolicyLoss.sum": {
            "value": 0.1461170474261356,
            "min": 0.028002675648571715,
            "max": 0.1548769447787587,
            "count": 79
        },
        "PuzzleAgent.Losses.ValueLoss.mean": {
            "value": 0.0006418529776835515,
            "min": 4.6831612154265815e-05,
            "max": 0.006755009105998195,
            "count": 79
        },
        "PuzzleAgent.Losses.ValueLoss.sum": {
            "value": 0.002567411910734206,
            "min": 4.8886873375724666e-05,
            "max": 0.007375194238542316,
            "count": 79
        },
        "PuzzleAgent.Policy.LearningRate.mean": {
            "value": 0.00026855641048119996,
            "min": 0.00026855641048119996,
            "max": 0.00029978666673777775,
            "count": 79
        },
        "PuzzleAgent.Policy.LearningRate.sum": {
            "value": 0.0010742256419247998,
            "min": 0.0002838112387295888,
            "max": 0.0011287549237483665,
            "count": 79
        },
        "PuzzleAgent.Policy.Epsilon.mean": {
            "value": 0.2790376,
            "min": 0.2790376,
            "max": 0.2998577777777778,
            "count": 79
        },
        "PuzzleAgent.Policy.Epsilon.sum": {
            "value": 1.1161504,
            "min": 0.289207488888889,
            "max": 1.1525032666666668,
            "count": 79
        },
        "PuzzleAgent.Policy.Beta.mean": {
            "value": 0.0008962361200000001,
            "min": 0.0008962361200000001,
            "max": 0.0009992959999999996,
            "count": 79
        },
        "PuzzleAgent.Policy.Beta.sum": {
            "value": 0.0035849444800000003,
            "min": 0.0009465770700000001,
            "max": 0.0037648911699999996,
            "count": 79
        },
        "PuzzleAgent.IsTraining.mean": {
            "value": 1.0,
            "min": 1.0,
            "max": 1.0,
            "count": 79
        },
        "PuzzleAgent.IsTraining.sum": {
            "value": 1.0,
            "min": 1.0,
            "max": 1.0,
            "count": 79
        }
    },
    "metadata": {
        "timer_format_version": "0.1.0",
        "start_time_seconds": "1747143234",
        "python_version": "3.10.12 | packaged by Anaconda, Inc. | (main, Jul  5 2023, 19:01:18) [MSC v.1916 64 bit (AMD64)]",
        "command_line_arguments": "C:\\Users\\Christopher\\miniconda3\\envs\\mlagents\\Scripts\\mlagents-learn Assets/config/ppo/trainer_config.yaml --run-id=Screaming --force",
        "mlagents_version": "1.1.0",
        "mlagents_envs_version": "1.1.0",
        "communication_protocol_version": "1.5.0",
        "pytorch_version": "2.2.2+cu121",
        "numpy_version": "1.23.5",
        "end_time_seconds": "1747143716"
    },
    "total": 481.87898230000064,
    "count": 1,
    "self": 0.0060081000010541175,
    "children": {
        "run_training.setup": {
            "total": 0.06643610000173794,
            "count": 1,
            "self": 0.06643610000173794
        },
        "TrainerController.start_learning": {
            "total": 481.80653809999785,
            "count": 1,
            "self": 0.42472250033461023,
            "children": {
                "TrainerController._reset_env": {
                    "total": 7.435785300000134,
                    "count": 1,
                    "self": 7.435785300000134
                },
                "TrainerController.advance": {
                    "total": 473.9052335996603,
                    "count": 31041,
                    "self": 0.40412409967029816,
                    "children": {
                        "env_step": {
                            "total": 305.77059140031633,
                            "count": 31041,
                            "self": 278.40449060064566,
                            "children": {
                                "SubprocessEnvManager._take_step": {
                                    "total": 27.08569499944133,
                                    "count": 31041,
                                    "self": 1.3115107990815886,
                                    "children": {
                                        "TorchPolicy.evaluate": {
                                            "total": 25.77418420035974,
                                            "count": 29864,
                                            "self": 25.77418420035974
                                        }
                                    }
                                },
                                "workers": {
                                    "total": 0.2804058002293459,
                                    "count": 31040,
                                    "self": 0.0,
                                    "children": {
                                        "worker_root": {
                                            "total": 474.5144303001398,
                                            "count": 31040,
                                            "is_parallel": true,
                                            "self": 236.65902260005532,
                                            "children": {
                                                "steps_from_proto": {
                                                    "total": 0.0020550999979604967,
                                                    "count": 1,