{
    "name": "root",
    "gauges": {
        "PuzzleAgent.Policy.Entropy.mean": {
            "value": 2.077026605606079,
            "min": 2.073306083679199,
            "max": 2.11257004737854,
            "count": 17
        },
        "PuzzleAgent.Policy.Entropy.sum": {
            "value": 23262.69921875,
            "min": 23249.3359375,
            "max": 35454.9140625,
            "count": 17
        },
        "PuzzleAgent.Environment.EpisodeLength.mean": {
            "value": 199.0,
            "min": 197.46428571428572,
            "max": 199.0,
            "count": 17
        },
        "PuzzleAgent.Environment.EpisodeLength.sum": {
            "value": 11144.0,
            "min": 11058.0,
            "max": 16716.0,
            "count": 17
        },
        "PuzzleAgent.Step.mean": {
            "value": 203914.0,
            "min": 11800.0,
            "max": 203914.0,
            "count": 17
        },
        "PuzzleAgent.Step.sum": {
            "value": 203914.0,
            "min": 11800.0,
            "max": 203914.0,
            "count": 17
        },
        "PuzzleAgent.Policy.ExtrinsicValueEstimate.mean": {
            "value": -0.03835251182317734,
            "min": -0.07840874046087265,
            "max": -0.03835251182317734,
            "count": 17
        },
        "PuzzleAgent.Policy.ExtrinsicValueEstimate.sum": {
            "value": -2.3011507987976074,
            "min": -4.626115798950195,
            "max": -2.3011507987976074,
            "count": 17
        },
        "PuzzleAgent.Environment.CumulativeReward.mean": {
            "value": -0.37575889540215335,
            "min": -0.5914832192162672,
            "max": -0.3591508701443672,
            "count": 17
        },
        "PuzzleAgent.Environment.CumulativeReward.sum": {
            "value": -22.5455337241292,
            "min": -35.488993152976036,
            "max": -21.549052208662033,
            "count": 17
        },
        "PuzzleAgent.Policy.ExtrinsicReward.mean": {
            "value": -0.37575889540215335,
            "min": -0.5914832192162672,
            "max": -0.3591508701443672,
            "count": 17
        },
        "PuzzleAgent.Policy.ExtrinsicReward.sum": {
            "value": -22.5455337241292,
            "min": -35.488993152976036,
            "max": -21.549052208662033,
            "count": 17
        },
        "PuzzleAgent.Losses.PolicyLoss.mean": {
            "value": 0.029953104079080126,
            "min": 0.029953104079080126,
            "max": 0.03822336356776456,
            "count": 17
        },
        "PuzzleAgent.Losses.PolicyLoss.sum": {
            "value": 0.05990620815816025,
            "min": 0.05990620815816025,
            "max": 0.0932069319455574,
            "count": 17
        },
        "PuzzleAgent.Losses.ValueLoss.mean": {
            "value": 0.00045937494020715044,
            "min": 0.0002515741799369506,
            "max": 0.00999015061145959,
            "count": 17
        },
        "PuzzleAgent.Losses.ValueLoss.sum": {
            "value": 0.0009187498804143009,
            "min": 0.0007097640744177624,
            "max": 0.01998030122291918,
            "count": 17
        },
        "PuzzleAgent.Policy.LearningRate.mean": {
            "value": 0.0002933762022079334,
            "min": 0.0002933762022079334,
            "max": 0.0002997200000933333,
            "count": 17
        },
        "PuzzleAgent.Policy.LearningRate.sum": {
            "value": 0.0005867524044158669,
            "min": 0.0005867524044158669,
            "max": 0.0008921686026104667,
            "count": 17
        },
        "PuzzleAgent.Policy.Epsilon.mean": {
            "value": 0.2955841333333333,
            "min": 0.2955841333333333,
            "max": 0.29981333333333327,
            "count": 17
        },
        "PuzzleAgent.Policy.Epsilon.sum": {
            "value": 0.5911682666666666,
            "min": 0.5911682666666666,
            "max": 0.8947790666666666,
            "count": 17
        },
        "PuzzleAgent.Policy.Beta.mean": {
            "value": 0.00097814146,
            "min": 0.00097814146,
            "max": 0.000999076,
            "count": 17
        },
        "PuzzleAgent.Policy.Beta.sum": {
            "value": 0.00195628292,
            "min": 0.00195628292,
            "max": 0.0029741563799999997,
            "count": 17
        },
        "PuzzleAgent.IsTraining.mean": {
            "value": 1.0,
            "min": 1.0,
            "max": 1.0,
            "count": 17
        },
        "PuzzleAgent.IsTraining.sum": {
            "value": 1.0,
            "min": 1.0,
            "max": 1.0,
            "count": 17
        }
    },
    "metadata": {
        "timer_format_version": "0.1.0",
        "start_time_seconds": "1746525105",
        "python_version": "3.10.12 | packaged by Anaconda, Inc. | (main, Jul  5 2023, 19:01:18) [MSC v.1916 64 bit (AMD64)]",
        "command_line_arguments": "C:\\Users\\s4325837\\.conda\\envs\\mlagents\\Scripts\\mlagents-learn Assets/config/ppo/trainer_config.yaml --run-id=uniMulti --force",
        "mlagents_version": "1.1.0",
        "mlagents_envs_version": "1.1.0",
        "communication_protocol_version": "1.5.0",
        "pytorch_version": "2.2.2+cu121",
        "numpy_version": "1.23.5",
        "end_time_seconds": "1746525325"
    },
    "total": 220.00527940000757,
    "count": 1,
    "self": 0.0033444000146118924,
    "children": {
        "run_training.setup": {
            "total": 0.07709179999073967,
            "count": 1,
            "self": 0.07709179999073967
        },
        "TrainerController.start_learning": {
            "total": 219.92484320000221,
            "count": 1,
            "self": 0.08415090032212902,
            "children": {
                "TrainerController._reset_env": {
                    "total": 13.732735700003104,
                    "count": 1,
                    "self": 13.732735700003104
                },
                "TrainerController.advance": {
                    "total": 205.90367829968454,
                    "count": 7629,
                    "self": 0.08262429924798198,
                    "children": {
                        "env_step": {
                            "total": 143.32251499951235,
                            "count": 7629,
                            "self": 81.73344539957179,
                            "children": {
                                "SubprocessEnvManager._take_step": {
                                    "total": 61.53357969994249,
                                    "count": 7629,
                                    "self": 0.3220023008470889,
                                    "children": {
                                        "TorchPolicy.evaluate": {
                                            "total": 61.211577399095404,
                                            "count": 7598,
                                            "self": 61.211577399095404
                                        }
                                    }
                                },
                                "workers": {
                                    "total": 0.055489899998065084,
                                    "count": 7628,
                                    "self": 0.0,
                                    "children": {
                                        "worker_root": {
                                            "total": 206.68986310058972,
                                            "count": 7628,
                                            "is_parallel": true,
                                            "self": 133.20528310083319,
                                            "children": {
                                                "steps_from_proto": {
                                                    "total": 0.00032530000316910446,
                                                    "count": 1,